nume_actiune,timestamp
add pick up point,Mon Apr 26 10:33:49 EEST 2021
add user,Mon Apr 26 10:33:49 EEST 2021
add user,Mon Apr 26 10:33:49 EEST 2021
add user,Mon Apr 26 10:33:49 EEST 2021
add user,Mon Apr 26 10:33:49 EEST 2021
add person to company,Mon Apr 26 10:33:49 EEST 2021
add person to company,Mon Apr 26 10:33:49 EEST 2021
print users,Mon Apr 26 10:33:49 EEST 2021
add book,Mon Apr 26 10:33:49 EEST 2021
add book,Mon Apr 26 10:33:49 EEST 2021
print books,Mon Apr 26 10:33:49 EEST 2021
update book stock,Mon Apr 26 10:33:49 EEST 2021
print books,Mon Apr 26 10:33:49 EEST 2021
add borrowing,Mon Apr 26 10:33:49 EEST 2021
add borrowing,Mon Apr 26 10:33:49 EEST 2021
add borrowing,Mon Apr 26 10:33:49 EEST 2021
add borrowing,Mon Apr 26 10:33:49 EEST 2021
print borrowings,Mon Apr 26 10:33:49 EEST 2021
print books,Mon Apr 26 10:33:49 EEST 2021
update pick up point,Mon Apr 26 10:33:49 EEST 2021
print pick up points,Mon Apr 26 10:33:49 EEST 2021
search books by user,Mon Apr 26 10:33:49 EEST 2021
print books,Mon Apr 26 10:33:49 EEST 2021
rate book,Mon Apr 26 10:33:49 EEST 2021
rate book,Mon Apr 26 10:33:49 EEST 2021
print books,Mon Apr 26 10:33:49 EEST 2021
print first company with expired sub,Mon Apr 26 10:33:49 EEST 2021
print books,Mon Apr 26 10:33:49 EEST 2021
remove book,Mon Apr 26 10:33:49 EEST 2021
print books,Mon Apr 26 10:33:49 EEST 2021
print users,Mon Apr 26 10:33:49 EEST 2021
remove user,Mon Apr 26 10:33:49 EEST 2021
remove user,Mon Apr 26 10:33:49 EEST 2021
print users,Mon Apr 26 10:33:49 EEST 2021
add pick up point,Mon Apr 26 10:36:05 EEST 2021
add user,Mon Apr 26 10:36:05 EEST 2021
add user,Mon Apr 26 10:36:05 EEST 2021
add user,Mon Apr 26 10:36:05 EEST 2021
add user,Mon Apr 26 10:36:05 EEST 2021
add person to company,Mon Apr 26 10:36:05 EEST 2021
add person to company,Mon Apr 26 10:36:05 EEST 2021
print users,Mon Apr 26 10:36:06 EEST 2021
add book,Mon Apr 26 10:36:06 EEST 2021
add book,Mon Apr 26 10:36:06 EEST 2021
print books,Mon Apr 26 10:36:06 EEST 2021
update book stock,Mon Apr 26 10:36:06 EEST 2021
print books,Mon Apr 26 10:36:06 EEST 2021
add borrowing,Mon Apr 26 10:36:06 EEST 2021
add borrowing,Mon Apr 26 10:36:06 EEST 2021
add borrowing,Mon Apr 26 10:36:06 EEST 2021
add borrowing,Mon Apr 26 10:36:06 EEST 2021
print borrowings,Mon Apr 26 10:36:06 EEST 2021
print books,Mon Apr 26 10:36:06 EEST 2021
update pick up point,Mon Apr 26 10:36:06 EEST 2021
print pick up points,Mon Apr 26 10:36:06 EEST 2021
search books by user,Mon Apr 26 10:36:06 EEST 2021
print books,Mon Apr 26 10:36:06 EEST 2021
rate book,Mon Apr 26 10:36:06 EEST 2021
rate book,Mon Apr 26 10:36:06 EEST 2021
print books,Mon Apr 26 10:36:06 EEST 2021
print first company with expired sub,Mon Apr 26 10:36:06 EEST 2021
print books,Mon Apr 26 10:36:06 EEST 2021
remove book,Mon Apr 26 10:36:06 EEST 2021
print books,Mon Apr 26 10:36:06 EEST 2021
print users,Mon Apr 26 10:36:06 EEST 2021
remove user,Mon Apr 26 10:36:06 EEST 2021
remove user,Mon Apr 26 10:36:06 EEST 2021
print users,Mon Apr 26 10:36:06 EEST 2021
add pick up point,Mon Apr 26 10:44:53 EEST 2021
add user,Mon Apr 26 10:44:53 EEST 2021
add user,Mon Apr 26 10:44:53 EEST 2021
add user,Mon Apr 26 10:44:53 EEST 2021
add user,Mon Apr 26 10:44:53 EEST 2021
add person to company,Mon Apr 26 10:44:53 EEST 2021
add person to company,Mon Apr 26 10:44:53 EEST 2021
print users,Mon Apr 26 10:44:54 EEST 2021
add book,Mon Apr 26 10:44:54 EEST 2021
add book,Mon Apr 26 10:44:54 EEST 2021
print books,Mon Apr 26 10:44:54 EEST 2021
update book stock,Mon Apr 26 10:44:54 EEST 2021
print books,Mon Apr 26 10:44:54 EEST 2021
add borrowing,Mon Apr 26 10:44:54 EEST 2021
add borrowing,Mon Apr 26 10:44:54 EEST 2021
add borrowing,Mon Apr 26 10:44:54 EEST 2021
add borrowing,Mon Apr 26 10:44:54 EEST 2021
print borrowings,Mon Apr 26 10:44:54 EEST 2021
print books,Mon Apr 26 10:44:54 EEST 2021
update pick up point,Mon Apr 26 10:44:54 EEST 2021
print pick up points,Mon Apr 26 10:44:54 EEST 2021
search books by user,Mon Apr 26 10:44:54 EEST 2021
print books,Mon Apr 26 10:44:54 EEST 2021
rate book,Mon Apr 26 10:44:54 EEST 2021
rate book,Mon Apr 26 10:44:54 EEST 2021
print books,Mon Apr 26 10:44:54 EEST 2021
print first company with expired sub,Mon Apr 26 10:44:54 EEST 2021
print books,Mon Apr 26 10:44:54 EEST 2021
remove book,Mon Apr 26 10:44:54 EEST 2021
print books,Mon Apr 26 10:44:54 EEST 2021
print users,Mon Apr 26 10:44:54 EEST 2021
remove user,Mon Apr 26 10:44:54 EEST 2021
remove user,Mon Apr 26 10:44:54 EEST 2021
print users,Mon Apr 26 10:44:54 EEST 2021
add user,Mon Apr 26 10:47:54 EEST 2021
add pick up point,Mon Apr 26 10:47:54 EEST 2021
add user,Mon Apr 26 10:47:54 EEST 2021
add user,Mon Apr 26 10:47:54 EEST 2021
add user,Mon Apr 26 10:47:54 EEST 2021
add user,Mon Apr 26 10:47:54 EEST 2021
add person to company,Mon Apr 26 10:47:54 EEST 2021
add person to company,Mon Apr 26 10:47:54 EEST 2021
print users,Mon Apr 26 10:47:54 EEST 2021
add book,Mon Apr 26 10:47:54 EEST 2021
add book,Mon Apr 26 10:47:54 EEST 2021
print books,Mon Apr 26 10:47:54 EEST 2021
update book stock,Mon Apr 26 10:47:54 EEST 2021
print books,Mon Apr 26 10:47:54 EEST 2021
add borrowing,Mon Apr 26 10:47:54 EEST 2021
add borrowing,Mon Apr 26 10:47:54 EEST 2021
add borrowing,Mon Apr 26 10:47:54 EEST 2021
add borrowing,Mon Apr 26 10:47:54 EEST 2021
print borrowings,Mon Apr 26 10:47:54 EEST 2021
print books,Mon Apr 26 10:47:54 EEST 2021
update pick up point,Mon Apr 26 10:47:54 EEST 2021
print pick up points,Mon Apr 26 10:47:54 EEST 2021
search books by user,Mon Apr 26 10:47:54 EEST 2021
print books,Mon Apr 26 10:47:54 EEST 2021
rate book,Mon Apr 26 10:47:54 EEST 2021
rate book,Mon Apr 26 10:47:54 EEST 2021
print books,Mon Apr 26 10:47:54 EEST 2021
print first company with expired sub,Mon Apr 26 10:47:54 EEST 2021
print books,Mon Apr 26 10:47:54 EEST 2021
remove book,Mon Apr 26 10:47:54 EEST 2021
print books,Mon Apr 26 10:47:54 EEST 2021
print users,Mon Apr 26 10:47:54 EEST 2021
remove user,Mon Apr 26 10:47:54 EEST 2021
remove user,Mon Apr 26 10:47:54 EEST 2021
print users,Mon Apr 26 10:47:54 EEST 2021
add user,Mon Apr 26 10:49:00 EEST 2021
add pick up point,Mon Apr 26 10:49:06 EEST 2021
add user,Mon Apr 26 10:49:06 EEST 2021
add user,Mon Apr 26 10:49:06 EEST 2021
add user,Mon Apr 26 10:49:06 EEST 2021
add user,Mon Apr 26 10:49:06 EEST 2021
add person to company,Mon Apr 26 10:49:06 EEST 2021
add person to company,Mon Apr 26 10:49:06 EEST 2021
print users,Mon Apr 26 10:49:06 EEST 2021
add book,Mon Apr 26 10:49:06 EEST 2021
add book,Mon Apr 26 10:49:06 EEST 2021
add user,Mon Apr 26 10:49:11 EEST 2021
add pick up point,Mon Apr 26 10:49:11 EEST 2021
add user,Mon Apr 26 10:49:11 EEST 2021
add user,Mon Apr 26 10:49:11 EEST 2021
add user,Mon Apr 26 10:49:11 EEST 2021
add user,Mon Apr 26 10:49:11 EEST 2021
add person to company,Mon Apr 26 10:49:11 EEST 2021
add person to company,Mon Apr 26 10:49:11 EEST 2021
print users,Mon Apr 26 10:49:11 EEST 2021
add book,Mon Apr 26 10:49:11 EEST 2021
add book,Mon Apr 26 10:49:11 EEST 2021
print books,Mon Apr 26 10:49:11 EEST 2021
update book stock,Mon Apr 26 10:49:11 EEST 2021
print books,Mon Apr 26 10:49:11 EEST 2021
add borrowing,Mon Apr 26 10:49:11 EEST 2021
add borrowing,Mon Apr 26 10:49:11 EEST 2021
add borrowing,Mon Apr 26 10:49:11 EEST 2021
add borrowing,Mon Apr 26 10:49:11 EEST 2021
print borrowings,Mon Apr 26 10:49:11 EEST 2021
print books,Mon Apr 26 10:49:11 EEST 2021
update pick up point,Mon Apr 26 10:49:11 EEST 2021
print pick up points,Mon Apr 26 10:49:11 EEST 2021
search books by user,Mon Apr 26 10:49:11 EEST 2021
print books,Mon Apr 26 10:49:11 EEST 2021
rate book,Mon Apr 26 10:49:11 EEST 2021
rate book,Mon Apr 26 10:49:11 EEST 2021
print books,Mon Apr 26 10:49:11 EEST 2021
print first company with expired sub,Mon Apr 26 10:49:11 EEST 2021
print books,Mon Apr 26 10:49:11 EEST 2021
remove book,Mon Apr 26 10:49:11 EEST 2021
print books,Mon Apr 26 10:49:11 EEST 2021
print users,Mon Apr 26 10:49:11 EEST 2021
remove user,Mon Apr 26 10:49:11 EEST 2021
remove user,Mon Apr 26 10:49:11 EEST 2021
print users,Mon Apr 26 10:49:11 EEST 2021
add user,Mon Apr 26 10:55:55 EEST 2021
add pick up point,Mon Apr 26 10:55:58 EEST 2021
add user,Mon Apr 26 10:55:58 EEST 2021
add user,Mon Apr 26 10:55:58 EEST 2021
add user,Mon Apr 26 10:55:58 EEST 2021
add user,Mon Apr 26 10:55:58 EEST 2021
add person to company,Mon Apr 26 10:55:58 EEST 2021
add user,Mon Apr 26 10:56:24 EEST 2021
add pick up point,Mon Apr 26 10:56:24 EEST 2021
add user,Mon Apr 26 10:56:24 EEST 2021
add user,Mon Apr 26 10:56:24 EEST 2021
add user,Mon Apr 26 10:56:24 EEST 2021
add person to company,Mon Apr 26 10:56:24 EEST 2021
print users,Mon Apr 26 10:56:24 EEST 2021
add book,Mon Apr 26 10:56:24 EEST 2021
add book,Mon Apr 26 10:56:24 EEST 2021
print books,Mon Apr 26 10:56:24 EEST 2021
update book stock,Mon Apr 26 10:56:24 EEST 2021
print books,Mon Apr 26 10:56:24 EEST 2021
add borrowing,Mon Apr 26 10:56:24 EEST 2021
add borrowing,Mon Apr 26 10:56:24 EEST 2021
print borrowings,Mon Apr 26 10:56:24 EEST 2021
print books,Mon Apr 26 10:56:24 EEST 2021
update pick up point,Mon Apr 26 10:56:24 EEST 2021
print pick up points,Mon Apr 26 10:56:24 EEST 2021
search books by user,Mon Apr 26 10:56:24 EEST 2021
print books,Mon Apr 26 10:56:24 EEST 2021
rate book,Mon Apr 26 10:56:24 EEST 2021
print books,Mon Apr 26 10:56:25 EEST 2021
print first company with expired sub,Mon Apr 26 10:56:25 EEST 2021
print books,Mon Apr 26 10:56:25 EEST 2021
remove book,Mon Apr 26 10:56:25 EEST 2021
print books,Mon Apr 26 10:56:25 EEST 2021
print users,Mon Apr 26 10:56:25 EEST 2021
remove user,Mon Apr 26 10:56:25 EEST 2021
remove user,Mon Apr 26 10:56:25 EEST 2021
print users,Mon Apr 26 10:56:25 EEST 2021
add user,Mon Apr 26 10:59:18 EEST 2021
add user,Mon Apr 26 10:59:18 EEST 2021
add user,Mon Apr 26 10:59:18 EEST 2021
add pick up point,Mon Apr 26 10:59:18 EEST 2021
add user,Mon Apr 26 10:59:18 EEST 2021
add user,Mon Apr 26 10:59:18 EEST 2021
add user,Mon Apr 26 10:59:18 EEST 2021
add person to company,Mon Apr 26 10:59:18 EEST 2021
print users,Mon Apr 26 10:59:18 EEST 2021
add book,Mon Apr 26 10:59:18 EEST 2021
add book,Mon Apr 26 10:59:18 EEST 2021
print books,Mon Apr 26 10:59:18 EEST 2021
update book stock,Mon Apr 26 10:59:18 EEST 2021
print books,Mon Apr 26 10:59:18 EEST 2021
add borrowing,Mon Apr 26 10:59:18 EEST 2021
add borrowing,Mon Apr 26 10:59:18 EEST 2021
print borrowings,Mon Apr 26 10:59:18 EEST 2021
print books,Mon Apr 26 10:59:18 EEST 2021
update pick up point,Mon Apr 26 10:59:18 EEST 2021
print pick up points,Mon Apr 26 10:59:18 EEST 2021
search books by user,Mon Apr 26 10:59:18 EEST 2021
print books,Mon Apr 26 10:59:18 EEST 2021
rate book,Mon Apr 26 10:59:18 EEST 2021
print books,Mon Apr 26 10:59:18 EEST 2021
print first company with expired sub,Mon Apr 26 10:59:18 EEST 2021
print books,Mon Apr 26 10:59:18 EEST 2021
remove book,Mon Apr 26 10:59:18 EEST 2021
print books,Mon Apr 26 10:59:18 EEST 2021
print users,Mon Apr 26 10:59:18 EEST 2021
remove user,Mon Apr 26 10:59:18 EEST 2021
remove user,Mon Apr 26 10:59:18 EEST 2021
print users,Mon Apr 26 10:59:18 EEST 2021
add user,Mon Apr 26 11:05:46 EEST 2021
add user,Mon Apr 26 11:05:46 EEST 2021
add user,Mon Apr 26 11:05:46 EEST 2021
add pick up point,Mon Apr 26 11:05:46 EEST 2021
add user,Mon Apr 26 11:05:46 EEST 2021
add user,Mon Apr 26 11:05:46 EEST 2021
add user,Mon Apr 26 11:05:46 EEST 2021
add person to company,Mon Apr 26 11:05:46 EEST 2021
print users,Mon Apr 26 11:05:46 EEST 2021
add book,Mon Apr 26 11:05:46 EEST 2021
add book,Mon Apr 26 11:05:46 EEST 2021
print books,Mon Apr 26 11:05:46 EEST 2021
update book stock,Mon Apr 26 11:05:46 EEST 2021
print books,Mon Apr 26 11:05:46 EEST 2021
add borrowing,Mon Apr 26 11:05:46 EEST 2021
add borrowing,Mon Apr 26 11:05:46 EEST 2021
print borrowings,Mon Apr 26 11:05:46 EEST 2021
print books,Mon Apr 26 11:05:46 EEST 2021
update pick up point,Mon Apr 26 11:05:46 EEST 2021
print pick up points,Mon Apr 26 11:05:46 EEST 2021
search books by user,Mon Apr 26 11:05:46 EEST 2021
print books,Mon Apr 26 11:05:46 EEST 2021
rate book,Mon Apr 26 11:05:46 EEST 2021
print books,Mon Apr 26 11:05:46 EEST 2021
print first company with expired sub,Mon Apr 26 11:05:46 EEST 2021
print books,Mon Apr 26 11:05:46 EEST 2021
remove book,Mon Apr 26 11:05:46 EEST 2021
print books,Mon Apr 26 11:05:46 EEST 2021
print users,Mon Apr 26 11:05:46 EEST 2021
remove user,Mon Apr 26 11:05:46 EEST 2021
remove user,Mon Apr 26 11:05:46 EEST 2021
print users,Mon Apr 26 11:05:46 EEST 2021
add user,Mon Apr 26 11:06:19 EEST 2021
add user,Mon Apr 26 11:06:19 EEST 2021
add user,Mon Apr 26 11:06:19 EEST 2021
add pick up point,Mon Apr 26 11:06:19 EEST 2021
add user,Mon Apr 26 11:06:19 EEST 2021
add user,Mon Apr 26 11:06:19 EEST 2021
add user,Mon Apr 26 11:06:19 EEST 2021
add person to company,Mon Apr 26 11:06:19 EEST 2021
print users,Mon Apr 26 11:06:19 EEST 2021
add book,Mon Apr 26 11:06:19 EEST 2021
add book,Mon Apr 26 11:06:19 EEST 2021
print books,Mon Apr 26 11:06:19 EEST 2021
update book stock,Mon Apr 26 11:06:19 EEST 2021
print books,Mon Apr 26 11:06:19 EEST 2021
add borrowing,Mon Apr 26 11:06:19 EEST 2021
add borrowing,Mon Apr 26 11:06:19 EEST 2021
print borrowings,Mon Apr 26 11:06:19 EEST 2021
print books,Mon Apr 26 11:06:19 EEST 2021
update pick up point,Mon Apr 26 11:06:19 EEST 2021
print pick up points,Mon Apr 26 11:06:19 EEST 2021
search books by user,Mon Apr 26 11:06:19 EEST 2021
print books,Mon Apr 26 11:06:19 EEST 2021
rate book,Mon Apr 26 11:06:19 EEST 2021
print books,Mon Apr 26 11:06:19 EEST 2021
print first company with expired sub,Mon Apr 26 11:06:19 EEST 2021
print books,Mon Apr 26 11:06:19 EEST 2021
remove book,Mon Apr 26 11:06:19 EEST 2021
print books,Mon Apr 26 11:06:19 EEST 2021
print users,Mon Apr 26 11:06:19 EEST 2021
remove user,Mon Apr 26 11:06:19 EEST 2021
remove user,Mon Apr 26 11:06:19 EEST 2021
print users,Mon Apr 26 11:06:19 EEST 2021
add user,Mon Apr 26 11:07:34 EEST 2021
add user,Mon Apr 26 11:07:34 EEST 2021
add user,Mon Apr 26 11:07:34 EEST 2021
add pick up point,Mon Apr 26 11:07:34 EEST 2021
add user,Mon Apr 26 11:07:34 EEST 2021
add user,Mon Apr 26 11:07:34 EEST 2021
add user,Mon Apr 26 11:07:34 EEST 2021
add person to company,Mon Apr 26 11:07:34 EEST 2021
print users,Mon Apr 26 11:07:34 EEST 2021
add book,Mon Apr 26 11:07:34 EEST 2021
add book,Mon Apr 26 11:07:34 EEST 2021
print books,Mon Apr 26 11:07:35 EEST 2021
update book stock,Mon Apr 26 11:07:35 EEST 2021
print books,Mon Apr 26 11:07:35 EEST 2021
add borrowing,Mon Apr 26 11:07:35 EEST 2021
add borrowing,Mon Apr 26 11:07:35 EEST 2021
print borrowings,Mon Apr 26 11:07:35 EEST 2021
print books,Mon Apr 26 11:07:35 EEST 2021
update pick up point,Mon Apr 26 11:07:35 EEST 2021
print pick up points,Mon Apr 26 11:07:35 EEST 2021
search books by user,Mon Apr 26 11:07:35 EEST 2021
print books,Mon Apr 26 11:07:35 EEST 2021
rate book,Mon Apr 26 11:07:35 EEST 2021
print books,Mon Apr 26 11:07:35 EEST 2021
print first company with expired sub,Mon Apr 26 11:07:35 EEST 2021
print books,Mon Apr 26 11:07:35 EEST 2021
remove book,Mon Apr 26 11:07:35 EEST 2021
print books,Mon Apr 26 11:07:35 EEST 2021
print users,Mon Apr 26 11:07:35 EEST 2021
remove user,Mon Apr 26 11:07:35 EEST 2021
remove user,Mon Apr 26 11:07:35 EEST 2021
print users,Mon Apr 26 11:07:35 EEST 2021
add user,Mon Apr 26 11:08:08 EEST 2021
add pick up point,Mon Apr 26 11:08:08 EEST 2021
add user,Mon Apr 26 11:08:08 EEST 2021
add user,Mon Apr 26 11:08:08 EEST 2021
add user,Mon Apr 26 11:08:08 EEST 2021
add person to company,Mon Apr 26 11:08:08 EEST 2021
print users,Mon Apr 26 11:08:08 EEST 2021
add book,Mon Apr 26 11:08:08 EEST 2021
add book,Mon Apr 26 11:08:08 EEST 2021
print books,Mon Apr 26 11:08:08 EEST 2021
update book stock,Mon Apr 26 11:08:08 EEST 2021
print books,Mon Apr 26 11:08:08 EEST 2021
add borrowing,Mon Apr 26 11:08:08 EEST 2021
add borrowing,Mon Apr 26 11:08:08 EEST 2021
print borrowings,Mon Apr 26 11:08:08 EEST 2021
print books,Mon Apr 26 11:08:08 EEST 2021
update pick up point,Mon Apr 26 11:08:08 EEST 2021
print pick up points,Mon Apr 26 11:08:08 EEST 2021
search books by user,Mon Apr 26 11:08:08 EEST 2021
print books,Mon Apr 26 11:08:08 EEST 2021
rate book,Mon Apr 26 11:08:08 EEST 2021
print books,Mon Apr 26 11:08:08 EEST 2021
print first company with expired sub,Mon Apr 26 11:08:08 EEST 2021
print books,Mon Apr 26 11:08:08 EEST 2021
remove book,Mon Apr 26 11:08:08 EEST 2021
print books,Mon Apr 26 11:08:08 EEST 2021
print users,Mon Apr 26 11:08:08 EEST 2021
remove user,Mon Apr 26 11:08:08 EEST 2021
remove user,Mon Apr 26 11:08:08 EEST 2021
print users,Mon Apr 26 11:08:08 EEST 2021
add user,Mon Apr 26 11:08:29 EEST 2021
add user,Mon Apr 26 11:08:29 EEST 2021
add user,Mon Apr 26 11:08:29 EEST 2021
add pick up point,Mon Apr 26 11:08:29 EEST 2021
add user,Mon Apr 26 11:08:29 EEST 2021
add user,Mon Apr 26 11:08:29 EEST 2021
add user,Mon Apr 26 11:08:29 EEST 2021
add person to company,Mon Apr 26 11:08:29 EEST 2021
print users,Mon Apr 26 11:08:29 EEST 2021
add book,Mon Apr 26 11:08:29 EEST 2021
add book,Mon Apr 26 11:08:29 EEST 2021
print books,Mon Apr 26 11:08:29 EEST 2021
update book stock,Mon Apr 26 11:08:29 EEST 2021
print books,Mon Apr 26 11:08:29 EEST 2021
add borrowing,Mon Apr 26 11:08:29 EEST 2021
add borrowing,Mon Apr 26 11:08:29 EEST 2021
print borrowings,Mon Apr 26 11:08:29 EEST 2021
print books,Mon Apr 26 11:08:29 EEST 2021
update pick up point,Mon Apr 26 11:08:29 EEST 2021
print pick up points,Mon Apr 26 11:08:29 EEST 2021
search books by user,Mon Apr 26 11:08:29 EEST 2021
print books,Mon Apr 26 11:08:29 EEST 2021
rate book,Mon Apr 26 11:08:29 EEST 2021
print books,Mon Apr 26 11:08:29 EEST 2021
print first company with expired sub,Mon Apr 26 11:08:29 EEST 2021
print books,Mon Apr 26 11:08:29 EEST 2021
remove book,Mon Apr 26 11:08:29 EEST 2021
print books,Mon Apr 26 11:08:29 EEST 2021
print users,Mon Apr 26 11:08:29 EEST 2021
remove user,Mon Apr 26 11:08:29 EEST 2021
remove user,Mon Apr 26 11:08:29 EEST 2021
print users,Mon Apr 26 11:08:29 EEST 2021
add user,Mon Apr 26 11:08:45 EEST 2021
add user,Mon Apr 26 11:08:45 EEST 2021
add user,Mon Apr 26 11:08:45 EEST 2021
add pick up point,Mon Apr 26 11:08:45 EEST 2021
add user,Mon Apr 26 11:08:45 EEST 2021
add user,Mon Apr 26 11:08:45 EEST 2021
add user,Mon Apr 26 11:08:45 EEST 2021
add person to company,Mon Apr 26 11:08:45 EEST 2021
print users,Mon Apr 26 11:08:45 EEST 2021
add book,Mon Apr 26 11:08:45 EEST 2021
add book,Mon Apr 26 11:08:45 EEST 2021
print books,Mon Apr 26 11:08:45 EEST 2021
update book stock,Mon Apr 26 11:08:45 EEST 2021
print books,Mon Apr 26 11:08:45 EEST 2021
add borrowing,Mon Apr 26 11:08:45 EEST 2021
add borrowing,Mon Apr 26 11:08:45 EEST 2021
print borrowings,Mon Apr 26 11:08:45 EEST 2021
print books,Mon Apr 26 11:08:45 EEST 2021
update pick up point,Mon Apr 26 11:08:45 EEST 2021
print pick up points,Mon Apr 26 11:08:45 EEST 2021
search books by user,Mon Apr 26 11:08:45 EEST 2021
print books,Mon Apr 26 11:08:45 EEST 2021
rate book,Mon Apr 26 11:08:45 EEST 2021
print books,Mon Apr 26 11:08:45 EEST 2021
print first company with expired sub,Mon Apr 26 11:08:45 EEST 2021
print books,Mon Apr 26 11:08:45 EEST 2021
remove book,Mon Apr 26 11:08:45 EEST 2021
print books,Mon Apr 26 11:08:45 EEST 2021
print users,Mon Apr 26 11:08:45 EEST 2021
remove user,Mon Apr 26 11:08:45 EEST 2021
remove user,Mon Apr 26 11:08:45 EEST 2021
print users,Mon Apr 26 11:08:45 EEST 2021
add user,Mon Apr 26 11:09:33 EEST 2021
add user,Mon Apr 26 11:09:33 EEST 2021
add user,Mon Apr 26 11:09:33 EEST 2021
add pick up point,Mon Apr 26 11:09:33 EEST 2021
add user,Mon Apr 26 11:09:33 EEST 2021
add user,Mon Apr 26 11:09:33 EEST 2021
add user,Mon Apr 26 11:09:33 EEST 2021
add person to company,Mon Apr 26 11:09:33 EEST 2021
print users,Mon Apr 26 11:09:33 EEST 2021
add book,Mon Apr 26 11:09:33 EEST 2021
add book,Mon Apr 26 11:09:33 EEST 2021
print books,Mon Apr 26 11:09:33 EEST 2021
update book stock,Mon Apr 26 11:09:33 EEST 2021
print books,Mon Apr 26 11:09:33 EEST 2021
add borrowing,Mon Apr 26 11:09:33 EEST 2021
add borrowing,Mon Apr 26 11:09:33 EEST 2021
print borrowings,Mon Apr 26 11:09:33 EEST 2021
print books,Mon Apr 26 11:09:33 EEST 2021
update pick up point,Mon Apr 26 11:09:33 EEST 2021
print pick up points,Mon Apr 26 11:09:33 EEST 2021
search books by user,Mon Apr 26 11:09:33 EEST 2021
print books,Mon Apr 26 11:09:33 EEST 2021
rate book,Mon Apr 26 11:09:33 EEST 2021
print books,Mon Apr 26 11:09:33 EEST 2021
print first company with expired sub,Mon Apr 26 11:09:33 EEST 2021
print books,Mon Apr 26 11:09:33 EEST 2021
remove book,Mon Apr 26 11:09:33 EEST 2021
print books,Mon Apr 26 11:09:33 EEST 2021
print users,Mon Apr 26 11:09:33 EEST 2021
remove user,Mon Apr 26 11:09:33 EEST 2021
print users,Mon Apr 26 11:09:33 EEST 2021
add user,Mon Apr 26 11:09:50 EEST 2021
add user,Mon Apr 26 11:09:50 EEST 2021
add user,Mon Apr 26 11:09:50 EEST 2021
add user,Mon Apr 26 11:09:50 EEST 2021
add pick up point,Mon Apr 26 11:09:50 EEST 2021
add user,Mon Apr 26 11:09:50 EEST 2021
add user,Mon Apr 26 11:09:50 EEST 2021
add user,Mon Apr 26 11:09:50 EEST 2021
add person to company,Mon Apr 26 11:09:50 EEST 2021
print users,Mon Apr 26 11:09:50 EEST 2021
add book,Mon Apr 26 11:09:50 EEST 2021
add book,Mon Apr 26 11:09:50 EEST 2021
print books,Mon Apr 26 11:09:50 EEST 2021
update book stock,Mon Apr 26 11:09:50 EEST 2021
print books,Mon Apr 26 11:09:50 EEST 2021
add borrowing,Mon Apr 26 11:09:50 EEST 2021
add borrowing,Mon Apr 26 11:09:50 EEST 2021
print borrowings,Mon Apr 26 11:09:50 EEST 2021
print books,Mon Apr 26 11:09:50 EEST 2021
update pick up point,Mon Apr 26 11:09:50 EEST 2021
print pick up points,Mon Apr 26 11:09:50 EEST 2021
search books by user,Mon Apr 26 11:09:50 EEST 2021
print books,Mon Apr 26 11:09:50 EEST 2021
rate book,Mon Apr 26 11:09:50 EEST 2021
print books,Mon Apr 26 11:09:50 EEST 2021
print first company with expired sub,Mon Apr 26 11:09:50 EEST 2021
print books,Mon Apr 26 11:09:50 EEST 2021
remove book,Mon Apr 26 11:09:50 EEST 2021
print books,Mon Apr 26 11:09:50 EEST 2021
print users,Mon Apr 26 11:09:50 EEST 2021
remove user,Mon Apr 26 11:09:50 EEST 2021
print users,Mon Apr 26 11:09:50 EEST 2021
add user,Mon Apr 26 11:10:19 EEST 2021
add user,Mon Apr 26 11:10:19 EEST 2021
add user,Mon Apr 26 11:10:19 EEST 2021
add user,Mon Apr 26 11:10:19 EEST 2021
add user,Mon Apr 26 11:10:19 EEST 2021
add pick up point,Mon Apr 26 11:10:20 EEST 2021
add user,Mon Apr 26 11:10:20 EEST 2021
add user,Mon Apr 26 11:10:20 EEST 2021
add user,Mon Apr 26 11:10:20 EEST 2021
add person to company,Mon Apr 26 11:10:20 EEST 2021
print users,Mon Apr 26 11:10:20 EEST 2021
add book,Mon Apr 26 11:10:20 EEST 2021
add book,Mon Apr 26 11:10:20 EEST 2021
print books,Mon Apr 26 11:10:20 EEST 2021
update book stock,Mon Apr 26 11:10:20 EEST 2021
print books,Mon Apr 26 11:10:20 EEST 2021
add borrowing,Mon Apr 26 11:10:20 EEST 2021
add borrowing,Mon Apr 26 11:10:20 EEST 2021
print borrowings,Mon Apr 26 11:10:20 EEST 2021
print books,Mon Apr 26 11:10:20 EEST 2021
update pick up point,Mon Apr 26 11:10:20 EEST 2021
print pick up points,Mon Apr 26 11:10:20 EEST 2021
search books by user,Mon Apr 26 11:10:20 EEST 2021
print books,Mon Apr 26 11:10:20 EEST 2021
rate book,Mon Apr 26 11:10:20 EEST 2021
print books,Mon Apr 26 11:10:20 EEST 2021
print first company with expired sub,Mon Apr 26 11:10:20 EEST 2021
print books,Mon Apr 26 11:10:20 EEST 2021
remove book,Mon Apr 26 11:10:20 EEST 2021
print books,Mon Apr 26 11:10:20 EEST 2021
print users,Mon Apr 26 11:10:20 EEST 2021
remove user,Mon Apr 26 11:10:20 EEST 2021
print users,Mon Apr 26 11:10:20 EEST 2021
add user,Mon Apr 26 11:22:22 EEST 2021
add user,Mon Apr 26 11:22:22 EEST 2021
add user,Mon Apr 26 11:22:22 EEST 2021
add user,Mon Apr 26 11:23:00 EEST 2021
add user,Mon Apr 26 11:23:00 EEST 2021
add user,Mon Apr 26 11:23:00 EEST 2021
add user,Mon Apr 26 11:24:06 EEST 2021
add user,Mon Apr 26 11:24:06 EEST 2021
add user,Mon Apr 26 11:24:06 EEST 2021
add user,Mon Apr 26 11:24:31 EEST 2021
add user,Mon Apr 26 11:24:31 EEST 2021
add user,Mon Apr 26 11:24:31 EEST 2021
add user,Mon Apr 26 11:25:53 EEST 2021
add user,Mon Apr 26 11:25:53 EEST 2021
add user,Mon Apr 26 11:25:53 EEST 2021
add user,Mon Apr 26 11:26:58 EEST 2021
add user,Mon Apr 26 11:27:05 EEST 2021
add user,Mon Apr 26 11:27:13 EEST 2021
add user,Mon Apr 26 11:27:26 EEST 2021
add user,Mon Apr 26 11:27:26 EEST 2021
add user,Mon Apr 26 11:27:26 EEST 2021
add pick up point,Mon Apr 26 11:27:26 EEST 2021
add user,Mon Apr 26 11:27:26 EEST 2021
add user,Mon Apr 26 11:27:26 EEST 2021
add user,Mon Apr 26 11:27:26 EEST 2021
add person to company,Mon Apr 26 11:27:26 EEST 2021
print users,Mon Apr 26 11:27:26 EEST 2021
add book,Mon Apr 26 11:27:26 EEST 2021
add book,Mon Apr 26 11:27:26 EEST 2021
print books,Mon Apr 26 11:27:27 EEST 2021
update book stock,Mon Apr 26 11:27:27 EEST 2021
print books,Mon Apr 26 11:27:27 EEST 2021
add borrowing,Mon Apr 26 11:27:27 EEST 2021
add borrowing,Mon Apr 26 11:27:27 EEST 2021
print borrowings,Mon Apr 26 11:27:27 EEST 2021
print books,Mon Apr 26 11:27:27 EEST 2021
update pick up point,Mon Apr 26 11:27:27 EEST 2021
print pick up points,Mon Apr 26 11:27:27 EEST 2021
search books by user,Mon Apr 26 11:27:27 EEST 2021
print books,Mon Apr 26 11:27:27 EEST 2021
rate book,Mon Apr 26 11:27:27 EEST 2021
print books,Mon Apr 26 11:27:27 EEST 2021
print first company with expired sub,Mon Apr 26 11:27:27 EEST 2021
print books,Mon Apr 26 11:27:27 EEST 2021
remove book,Mon Apr 26 11:27:27 EEST 2021
print books,Mon Apr 26 11:27:27 EEST 2021
print users,Mon Apr 26 11:27:27 EEST 2021
remove user,Mon Apr 26 11:27:27 EEST 2021
print users,Mon Apr 26 11:27:27 EEST 2021
add user,Mon Apr 26 11:27:56 EEST 2021
add user,Mon Apr 26 11:27:56 EEST 2021
add user,Mon Apr 26 11:27:56 EEST 2021
add book,Mon Apr 26 11:27:56 EEST 2021
add pick up point,Mon Apr 26 11:27:56 EEST 2021
add user,Mon Apr 26 11:27:56 EEST 2021
add user,Mon Apr 26 11:27:56 EEST 2021
add user,Mon Apr 26 11:27:56 EEST 2021
add person to company,Mon Apr 26 11:27:56 EEST 2021
print users,Mon Apr 26 11:27:56 EEST 2021
add book,Mon Apr 26 11:27:56 EEST 2021
add book,Mon Apr 26 11:27:56 EEST 2021
print books,Mon Apr 26 11:27:56 EEST 2021
update book stock,Mon Apr 26 11:27:56 EEST 2021
print books,Mon Apr 26 11:27:56 EEST 2021
add borrowing,Mon Apr 26 11:27:56 EEST 2021
add borrowing,Mon Apr 26 11:27:56 EEST 2021
print borrowings,Mon Apr 26 11:27:56 EEST 2021
print books,Mon Apr 26 11:27:56 EEST 2021
update pick up point,Mon Apr 26 11:27:56 EEST 2021
print pick up points,Mon Apr 26 11:27:56 EEST 2021
search books by user,Mon Apr 26 11:27:56 EEST 2021
print books,Mon Apr 26 11:27:56 EEST 2021
rate book,Mon Apr 26 11:27:56 EEST 2021
print books,Mon Apr 26 11:27:56 EEST 2021
print first company with expired sub,Mon Apr 26 11:27:56 EEST 2021
print books,Mon Apr 26 11:27:56 EEST 2021
remove book,Mon Apr 26 11:27:56 EEST 2021
print books,Mon Apr 26 11:27:56 EEST 2021
print users,Mon Apr 26 11:27:56 EEST 2021
remove user,Mon Apr 26 11:27:56 EEST 2021
print users,Mon Apr 26 11:27:56 EEST 2021
add user,Mon Apr 26 11:28:18 EEST 2021
add user,Mon Apr 26 11:28:18 EEST 2021
add user,Mon Apr 26 11:28:18 EEST 2021
add user,Mon Apr 26 11:28:18 EEST 2021
add book,Mon Apr 26 11:28:18 EEST 2021
add pick up point,Mon Apr 26 11:28:18 EEST 2021
add user,Mon Apr 26 11:28:18 EEST 2021
add user,Mon Apr 26 11:28:18 EEST 2021
add user,Mon Apr 26 11:28:18 EEST 2021
add person to company,Mon Apr 26 11:28:18 EEST 2021
print users,Mon Apr 26 11:28:18 EEST 2021
add book,Mon Apr 26 11:28:18 EEST 2021
add book,Mon Apr 26 11:28:18 EEST 2021
print books,Mon Apr 26 11:28:18 EEST 2021
update book stock,Mon Apr 26 11:28:18 EEST 2021
print books,Mon Apr 26 11:28:18 EEST 2021
add borrowing,Mon Apr 26 11:28:18 EEST 2021
add borrowing,Mon Apr 26 11:28:18 EEST 2021
print borrowings,Mon Apr 26 11:28:18 EEST 2021
print books,Mon Apr 26 11:28:18 EEST 2021
update pick up point,Mon Apr 26 11:28:18 EEST 2021
print pick up points,Mon Apr 26 11:28:18 EEST 2021
search books by user,Mon Apr 26 11:28:18 EEST 2021
print books,Mon Apr 26 11:28:18 EEST 2021
rate book,Mon Apr 26 11:28:18 EEST 2021
print books,Mon Apr 26 11:28:18 EEST 2021
print first company with expired sub,Mon Apr 26 11:28:18 EEST 2021
print books,Mon Apr 26 11:28:18 EEST 2021
print books,Mon Apr 26 11:28:18 EEST 2021
print users,Mon Apr 26 11:28:18 EEST 2021
remove user,Mon Apr 26 11:28:18 EEST 2021
print users,Mon Apr 26 11:28:18 EEST 2021
add user,Mon Apr 26 11:29:05 EEST 2021
add user,Mon Apr 26 11:29:05 EEST 2021
add user,Mon Apr 26 11:29:05 EEST 2021
add user,Mon Apr 26 11:29:05 EEST 2021
add user,Mon Apr 26 11:29:05 EEST 2021
add pick up point,Mon Apr 26 11:29:05 EEST 2021
add user,Mon Apr 26 11:29:05 EEST 2021
add user,Mon Apr 26 11:29:05 EEST 2021
add user,Mon Apr 26 11:29:05 EEST 2021
add person to company,Mon Apr 26 11:29:05 EEST 2021
print users,Mon Apr 26 11:29:05 EEST 2021
add book,Mon Apr 26 11:29:05 EEST 2021
add book,Mon Apr 26 11:29:05 EEST 2021
print books,Mon Apr 26 11:29:05 EEST 2021
update book stock,Mon Apr 26 11:29:05 EEST 2021
print books,Mon Apr 26 11:29:05 EEST 2021
add borrowing,Mon Apr 26 11:29:05 EEST 2021
add borrowing,Mon Apr 26 11:29:05 EEST 2021
print borrowings,Mon Apr 26 11:29:05 EEST 2021
print books,Mon Apr 26 11:29:05 EEST 2021
update pick up point,Mon Apr 26 11:29:05 EEST 2021
print pick up points,Mon Apr 26 11:29:05 EEST 2021
search books by user,Mon Apr 26 11:29:05 EEST 2021
print books,Mon Apr 26 11:29:05 EEST 2021
rate book,Mon Apr 26 11:29:05 EEST 2021
print books,Mon Apr 26 11:29:05 EEST 2021
print first company with expired sub,Mon Apr 26 11:29:05 EEST 2021
print books,Mon Apr 26 11:29:05 EEST 2021
print books,Mon Apr 26 11:29:05 EEST 2021
print users,Mon Apr 26 11:29:05 EEST 2021
remove user,Mon Apr 26 11:29:05 EEST 2021
print users,Mon Apr 26 11:29:05 EEST 2021
add user,Mon Apr 26 11:34:46 EEST 2021
add user,Mon Apr 26 11:34:46 EEST 2021
add user,Mon Apr 26 11:34:46 EEST 2021
add user,Mon Apr 26 11:34:46 EEST 2021
add user,Mon Apr 26 11:34:46 EEST 2021
add user,Mon Apr 26 11:34:46 EEST 2021
add book,Mon Apr 26 11:34:46 EEST 2021
add pick up point,Mon Apr 26 11:34:46 EEST 2021
add user,Mon Apr 26 11:34:46 EEST 2021
add user,Mon Apr 26 11:34:46 EEST 2021
add user,Mon Apr 26 11:34:46 EEST 2021
add person to company,Mon Apr 26 11:34:46 EEST 2021
print users,Mon Apr 26 11:34:46 EEST 2021
add book,Mon Apr 26 11:34:46 EEST 2021
add book,Mon Apr 26 11:34:46 EEST 2021
print books,Mon Apr 26 11:34:46 EEST 2021
update book stock,Mon Apr 26 11:34:46 EEST 2021
print books,Mon Apr 26 11:34:46 EEST 2021
add borrowing,Mon Apr 26 11:34:46 EEST 2021
add borrowing,Mon Apr 26 11:34:46 EEST 2021
print borrowings,Mon Apr 26 11:34:46 EEST 2021
print books,Mon Apr 26 11:34:46 EEST 2021
update pick up point,Mon Apr 26 11:34:46 EEST 2021
print pick up points,Mon Apr 26 11:34:46 EEST 2021
search books by user,Mon Apr 26 11:34:46 EEST 2021
print books,Mon Apr 26 11:34:46 EEST 2021
rate book,Mon Apr 26 11:34:46 EEST 2021
print books,Mon Apr 26 11:34:46 EEST 2021
print first company with expired sub,Mon Apr 26 11:34:46 EEST 2021
print books,Mon Apr 26 11:34:46 EEST 2021
print books,Mon Apr 26 11:34:46 EEST 2021
print users,Mon Apr 26 11:34:46 EEST 2021
remove user,Mon Apr 26 11:34:46 EEST 2021
print users,Mon Apr 26 11:34:46 EEST 2021
add user,Mon Apr 26 11:35:58 EEST 2021
add user,Mon Apr 26 11:35:58 EEST 2021
add user,Mon Apr 26 11:35:58 EEST 2021
add user,Mon Apr 26 11:35:58 EEST 2021
add user,Mon Apr 26 11:35:58 EEST 2021
add book,Mon Apr 26 11:35:58 EEST 2021
add pick up point,Mon Apr 26 11:35:58 EEST 2021
add user,Mon Apr 26 11:35:58 EEST 2021
add user,Mon Apr 26 11:35:58 EEST 2021
add user,Mon Apr 26 11:35:58 EEST 2021
add person to company,Mon Apr 26 11:35:58 EEST 2021
print users,Mon Apr 26 11:35:58 EEST 2021
add book,Mon Apr 26 11:35:58 EEST 2021
add book,Mon Apr 26 11:35:58 EEST 2021
print books,Mon Apr 26 11:35:58 EEST 2021
update book stock,Mon Apr 26 11:35:58 EEST 2021
print books,Mon Apr 26 11:35:58 EEST 2021
add borrowing,Mon Apr 26 11:35:58 EEST 2021
add borrowing,Mon Apr 26 11:35:58 EEST 2021
print borrowings,Mon Apr 26 11:35:58 EEST 2021
print books,Mon Apr 26 11:35:58 EEST 2021
update pick up point,Mon Apr 26 11:35:58 EEST 2021
print pick up points,Mon Apr 26 11:35:58 EEST 2021
search books by user,Mon Apr 26 11:35:58 EEST 2021
print books,Mon Apr 26 11:35:58 EEST 2021
rate book,Mon Apr 26 11:35:58 EEST 2021
print books,Mon Apr 26 11:35:58 EEST 2021
print first company with expired sub,Mon Apr 26 11:35:58 EEST 2021
print books,Mon Apr 26 11:35:58 EEST 2021
print books,Mon Apr 26 11:35:58 EEST 2021
print users,Mon Apr 26 11:35:58 EEST 2021
remove user,Mon Apr 26 11:35:58 EEST 2021
print users,Mon Apr 26 11:35:58 EEST 2021
add user,Mon Apr 26 11:55:17 EEST 2021
add user,Mon Apr 26 11:55:17 EEST 2021
add user,Mon Apr 26 11:55:17 EEST 2021
add user,Mon Apr 26 11:55:17 EEST 2021
add user,Mon Apr 26 11:55:17 EEST 2021
add user,Mon Apr 26 11:55:17 EEST 2021
add book,Mon Apr 26 11:55:17 EEST 2021
add book,Mon Apr 26 11:55:17 EEST 2021
add book,Mon Apr 26 11:55:17 EEST 2021
add pick up point,Mon Apr 26 11:55:17 EEST 2021
add user,Mon Apr 26 11:55:17 EEST 2021
add user,Mon Apr 26 11:55:17 EEST 2021
add user,Mon Apr 26 11:55:17 EEST 2021
add person to company,Mon Apr 26 11:55:17 EEST 2021
print users,Mon Apr 26 11:55:17 EEST 2021
add book,Mon Apr 26 11:55:17 EEST 2021
add book,Mon Apr 26 11:55:17 EEST 2021
print books,Mon Apr 26 11:55:17 EEST 2021
update book stock,Mon Apr 26 11:55:17 EEST 2021
print books,Mon Apr 26 11:55:17 EEST 2021
add borrowing,Mon Apr 26 11:55:17 EEST 2021
add borrowing,Mon Apr 26 11:55:17 EEST 2021
print borrowings,Mon Apr 26 11:55:17 EEST 2021
print books,Mon Apr 26 11:55:17 EEST 2021
update pick up point,Mon Apr 26 11:55:17 EEST 2021
print pick up points,Mon Apr 26 11:55:17 EEST 2021
search books by user,Mon Apr 26 11:55:17 EEST 2021
print books,Mon Apr 26 11:55:17 EEST 2021
rate book,Mon Apr 26 11:55:17 EEST 2021
print books,Mon Apr 26 11:55:17 EEST 2021
print first company with expired sub,Mon Apr 26 11:55:17 EEST 2021
print books,Mon Apr 26 11:55:17 EEST 2021
print books,Mon Apr 26 11:55:17 EEST 2021
print users,Mon Apr 26 11:55:17 EEST 2021
remove user,Mon Apr 26 11:55:17 EEST 2021
print users,Mon Apr 26 11:55:17 EEST 2021
add user,Mon Apr 26 12:01:50 EEST 2021
add user,Mon Apr 26 12:01:50 EEST 2021
add user,Mon Apr 26 12:01:50 EEST 2021
add user,Mon Apr 26 12:01:50 EEST 2021
add user,Mon Apr 26 12:01:50 EEST 2021
add user,Mon Apr 26 12:01:50 EEST 2021
add user,Mon Apr 26 12:01:50 EEST 2021
add book,Mon Apr 26 12:01:50 EEST 2021
add book,Mon Apr 26 12:01:50 EEST 2021
add book,Mon Apr 26 12:01:50 EEST 2021
add book,Mon Apr 26 12:01:50 EEST 2021
add book,Mon Apr 26 12:01:50 EEST 2021
add pick up point,Mon Apr 26 12:01:50 EEST 2021
add user,Mon Apr 26 12:01:50 EEST 2021
add user,Mon Apr 26 12:01:50 EEST 2021
add user,Mon Apr 26 12:01:50 EEST 2021
add person to company,Mon Apr 26 12:01:50 EEST 2021
print users,Mon Apr 26 12:01:50 EEST 2021
add book,Mon Apr 26 12:01:50 EEST 2021
add book,Mon Apr 26 12:01:50 EEST 2021
print books,Mon Apr 26 12:01:50 EEST 2021
update book stock,Mon Apr 26 12:01:50 EEST 2021
print books,Mon Apr 26 12:01:50 EEST 2021
add borrowing,Mon Apr 26 12:01:50 EEST 2021
add borrowing,Mon Apr 26 12:01:50 EEST 2021
print borrowings,Mon Apr 26 12:01:50 EEST 2021
print books,Mon Apr 26 12:01:50 EEST 2021
update pick up point,Mon Apr 26 12:01:50 EEST 2021
print pick up points,Mon Apr 26 12:01:50 EEST 2021
search books by user,Mon Apr 26 12:01:50 EEST 2021
print books,Mon Apr 26 12:01:50 EEST 2021
rate book,Mon Apr 26 12:01:50 EEST 2021
print books,Mon Apr 26 12:01:50 EEST 2021
print first company with expired sub,Mon Apr 26 12:01:50 EEST 2021
print books,Mon Apr 26 12:01:50 EEST 2021
print books,Mon Apr 26 12:01:50 EEST 2021
print users,Mon Apr 26 12:01:50 EEST 2021
remove user,Mon Apr 26 12:01:50 EEST 2021
print users,Mon Apr 26 12:01:50 EEST 2021
add user,Mon Apr 26 12:02:33 EEST 2021
add user,Mon Apr 26 12:02:33 EEST 2021
add user,Mon Apr 26 12:02:33 EEST 2021
add user,Mon Apr 26 12:02:33 EEST 2021
add user,Mon Apr 26 12:02:33 EEST 2021
add user,Mon Apr 26 12:02:33 EEST 2021
add user,Mon Apr 26 12:02:33 EEST 2021
add user,Mon Apr 26 12:02:33 EEST 2021
add book,Mon Apr 26 12:02:33 EEST 2021
add book,Mon Apr 26 12:02:33 EEST 2021
add book,Mon Apr 26 12:02:33 EEST 2021
add book,Mon Apr 26 12:02:33 EEST 2021
add book,Mon Apr 26 12:02:33 EEST 2021
add book,Mon Apr 26 12:02:33 EEST 2021
add book,Mon Apr 26 12:02:33 EEST 2021
add pick up point,Mon Apr 26 12:02:33 EEST 2021
add user,Mon Apr 26 12:02:33 EEST 2021
add user,Mon Apr 26 12:02:33 EEST 2021
add user,Mon Apr 26 12:02:33 EEST 2021
add person to company,Mon Apr 26 12:02:33 EEST 2021
print users,Mon Apr 26 12:02:33 EEST 2021
add book,Mon Apr 26 12:02:33 EEST 2021
add book,Mon Apr 26 12:02:33 EEST 2021
print books,Mon Apr 26 12:02:33 EEST 2021
update book stock,Mon Apr 26 12:02:33 EEST 2021
print books,Mon Apr 26 12:02:33 EEST 2021
add borrowing,Mon Apr 26 12:02:33 EEST 2021
add borrowing,Mon Apr 26 12:02:33 EEST 2021
print borrowings,Mon Apr 26 12:02:33 EEST 2021
print books,Mon Apr 26 12:02:33 EEST 2021
update pick up point,Mon Apr 26 12:02:33 EEST 2021
print pick up points,Mon Apr 26 12:02:33 EEST 2021
search books by user,Mon Apr 26 12:02:33 EEST 2021
print books,Mon Apr 26 12:02:33 EEST 2021
rate book,Mon Apr 26 12:02:33 EEST 2021
print books,Mon Apr 26 12:02:33 EEST 2021
print first company with expired sub,Mon Apr 26 12:02:33 EEST 2021
print books,Mon Apr 26 12:02:33 EEST 2021
print books,Mon Apr 26 12:02:33 EEST 2021
print users,Mon Apr 26 12:02:33 EEST 2021
remove user,Mon Apr 26 12:02:33 EEST 2021
print users,Mon Apr 26 12:02:33 EEST 2021
